work_ID,trait_value,agreement,coeff_var,n,references
130,110,,,1,10293
166,16,,,1,10293
172,13,,,1,10293
205,16,,,1,10293
223,62,,,1,10293
232,140,,,1,10293
248,1.3,,,1,10293
352,48,,,1,10293
388,25,,,1,10293
418,0.32,,,1,10293
420,0.36,,,1,10293
594,5400,,0,2,10293
600,21,,,1,10293
642,11,,,1,10293
666,2.3,,,1,10293
667,2.1,,,1,10293
668,5.1,,0,2,10293
670,7.3,,,1,10293
673,0.9,,,1,10293
675,1.1,,,1,10293
714,530,,,1,10293
721,240,,,1,10293
727,36,,,1,10293
854,2.6,,,1,10293
860,6.5,,,1,10293
892,16,,,1,10293
912,140,,,1,10293
988,7.1,,,1,10293
1111,1000,,,1,10293
1115,830,,,1,10293
1130,0.11,,,1,10293
1137,660,,,1,10293
1141,2000,,,1,10293
1153,14000,,,1,10293
1160,6800,,,1,10293
1162,330,,,1,10293
1209,0.025,,,1,10293
1210,0.052,,0.065,2,10293
1213,0.091,,,1,10293
1221,0.065,,,1,10293
1247,0.074,,,1,10293
1260,0.1,,0.067,2,10293
1268,0.048,,,1,10293
1323,0.12,,,1,10293
1327,0.3,,,1,10293
1335,12,,,1,10293
1346,1.3,,,1,10293
1352,21,,,1,10293
1353,24,,,1,10293
1356,170,,,1,10293
1358,150,,,1,10293
1361,3600,,,1,10293
1420,270,,,1,10293
1421,35,,,1,10293
1433,180,,,1,10293
1447,15,,,1,10293
1459,4200,,,1,10293
1516,3.1,,,1,10293
1605,980,,,1,10293
1624,110,,,1,10293
1648,1.8,,,1,10293
1650,0.79,,,1,10293
1690,0.28,,,1,10293
1694,0.71,,,1,10293
1705,4.2,,,1,10293
1868,1.2,,,1,10293
1870,0.55,,,1,10293
1924,0.26,,,1,10293
1928,0.8,,,1,10293
1941,3.6,,0,2,10293
1951,0.36,,,1,10293
1954,0.18,,,1,10293
2003,2.8,,,1,10293
2078,2.1,,,1,10293
2099,1.9,,,1,10293
2142,5000,,,1,10293
2164,13,,,1,10293
2172,0.074,,,1,10293
2258,0.16,,,1,10293
2462,250,,,1,10293
2470,440,,,1,10293
2478,370,,,1,10293
2481,9.8,,,1,10293
2510,0.04,,,1,10293
2516,0.56,,,1,10293
2519,0.36,,,1,10293
2549,0.75,,,1,10293
2552,1.8,,,1,10293
2585,460,,0.602,3,10293
2590,36,,,1,10293
2674,11,,,1,10293
2676,0.082,,,1,10293
2681,920,,,1,10293
2683,22,,0.976,2,10293
2705,0.64,,,1,10293
2733,94,,,1,10293
2749,60,,,1,10293
2754,100,,,1,10293
2787,0.064,,,1,10293
2789,0.016,,,1,10293
2805,730,,,1,10293
2861,0.66,,,1,10293
2889,130,,,1,10293
2892,3.7,,,1,10293
2948,11,,,1,10293
2950,1.1,,,1,10293
2970,99,,,1,10293
3013,160,,,1,10293
3054,1700,,,1,10293
3081,0.019,,,1,10293
3108,1.8,,,1,10293
3342,48,,,1,10293
3343,6.4,,,1,10293
3345,20,,,1,10293
3376,3,,,1,10293
3425,0.12,,,1,10293
3447,0.14,,,1,10293
3511,7300,,,1,10293
3515,540,,,1,10293
3517,820,,,1,10293
3518,150,,,1,10293
3521,8700,,,1,10293
3523,1300,,,1,10293
3529,900,,,1,10293
3538,39,,,1,10293
3619,41,,,1,10293
3623,28,,,1,10293
3631,19,,,1,10293
3634,24,,,1,10293
3635,33,,,1,10293
3636,16,,,1,10293
4015,1.2,,,1,10293
4052,0.057,,,1,10293
4132,4200,,0.902,2,10293
4133,14000,,,1,10293
4296,0.9,,,1,10293
4311,3.8,,,1,10293
4316,0.9,,,1,10293
4329,6200,,,1,10293
4386,12,,,1,10293
4387,32,,,1,10293
4427,57,,,1,10293
4453,210,,,1,10293
4457,370,,,1,10293
4502,110000,,0,2,10293
4508,2600,,,1,10293
4775,140,,,1,10293
4782,41,,,1,10293
4946,3700,,,1,10293
4947,1700,,,1,10293
4967,0.11,,,1,10293
5008,20,,,1,10293
5021,20,,,1,10293
5025,21,,1.045,2,10293
5060,0.49,,,1,10293
5074,0.8,,,1,10293
5080,0.25,,,1,10293
5083,0.24,,,1,10293
5088,830,,,1,10293
5089,220,,,1,10293
5100,2.1,,,1,10293
5140,1.5,,,1,10293
5190,17,,,1,10293
5392,16,,,1,10293
5448,2,,,1,10293
5498,14,,,1,10293
5501,8,,,1,10293
5502,4.6,,,1,10293
5509,17,,,1,10293
5541,26000,,,1,10293
5566,12,,,1,10293
5749,4.4,,,1,10293
5810,4.2,,,1,10293
5812,2.6,,,1,10293
5815,1.8,,,1,10293
5837,1000,,,1,10293
5857,150,,,1,10293
5859,24,,,1,10293
5862,120,,,1,10293
5863,40,,,1,10293
5873,2.6,,,1,10293
5875,0.52,,,1,10293
5884,130,,,1,10293
5885,22,,,1,10293
5900,4.7,,,1,10293
5901,21,,,1,10293
5906,10,,,1,10293
5911,2.3,,0.231,2,10293
5917,3.7,,,1,10293
5931,11,,,1,10293
5939,500,,,1,10293
5951,1.2,,0.319,2,10293
6032,280,,,1,10293
6041,34000,,,1,10293
6064,810,,,1,10293
6070,5.2,,,1,10293
6299,99,,,1,10293
6339,270,,,1,10293
6343,440,,,1,10293
6399,2.7,,,1,10293
6408,120,,,1,10293
6411,540,,,1,10293
6478,200,,,1,10293
6499,16,,,1,10293
6572,0.082,,,1,10293
6573,0.048,,,1,10293
6579,0.1,,,1,10293
7024,1.2,,,1,10293
7097,0.065,,,1,10293
7116,0.027,,,1,10293
7134,1400,,,1,10293
7137,3.1,,,1,10293
7142,7900,,,1,10293
7155,310,,,1,10293
7435,1300,,,1,10293
7506,0.078,,,1,10293
7512,0.18,,,1,10293
7552,520,,,1,10293
7553,0.78,,,1,10293
7602,210,,,1,10293
7658,0.0075,,,1,10293
7660,0.085,,,1,10293
7662,2.5,,,1,10293
7666,61,,,1,10293
7673,27000,,,1,10293
7692,0.091,,,1,10293
7699,0.098,,,1,10293
7715,0.42,,,1,10293
7784,1.1,,,1,10293
7801,0.61,,,1,10293
7809,0.47,,,1,10293
7812,0.79,,,1,10293
7820,0.26,,,1,10293
7876,0.55,,,1,10293
7877,1.1,,,1,10293
7884,0.77,,,1,10293
7890,0.54,,,1,10293
7900,0.88,,,1,10293
7902,0.94,,,1,10293
7935,2.6,,,1,10293
7994,0.51,,,1,10293
8022,1.7,,,1,10293
8029,0.64,,,1,10293
8042,1.7,,,1,10293
8045,2.1,,,1,10293
8061,0.99,,,1,10293
8075,3.6,,,1,10293
8089,0.42,,,1,10293
8127,1.9,,,1,10293
8146,1.3,,,1,10293
8186,1.1,,,1,10293
8196,85,,,1,10293
8199,180,,,1,10293
8248,520,,,1,10293
8262,44,,,1,10293
8279,0.44,,,1,10293
8309,490,,,1,10293
8314,780,,,1,10293
8328,9.8,,,1,10293
8339,110,,,1,10293
8362,1.8,,,1,10293
8372,27,,,1,10293
8379,89,,,1,10293
8382,200,,,1,10293
8384,360,,,1,10293
8418,13,,,1,10293
8420,77,,,1,10293
8432,250,,,1,10293
8458,31000,,,1,10293
8472,650,,,1,10293
8568,1,,,1,10293
8569,0.00052,,1.414,2,10293
8571,0.67,,,1,10293
8574,20,,,1,10293
8579,72,,,1,10293
8581,10,,,1,10293
8582,150,,,1,10293
8588,10,,,1,10293
8589,71,,,1,10293
8663,92,,,1,10293
8664,120,,,1,10293
8667,36,,,1,10293
8668,51,,,1,10293
8670,36,,,1,10293
8673,380,,,1,10293
8676,51,,,1,10293
8677,210,,,1,10293
8679,34,,,1,10293
8686,78,,,1,10293
8738,1.3,,,1,10293
8764,0.019,,,1,10293
8765,0.024,,,1,10293
8781,0.04,,,1,10293
8879,0.36,,,1,10293
8880,0.18,,,1,10293
8893,0.11,,,1,10293
8895,0.04,,0.503,3,10293
8903,0.04,,,1,10293
8906,0.04,,,1,10293
8923,220,,,1,10293
9112,580,,,1,10293
9283,0.47,,,1,10293
9286,0.75,,,1,10293
9306,0.44,,,1,10293
9319,0.52,,,1,10293
9354,20,,,1,10293
9379,990,,,1,10293
9383,7500,,,1,10293
9460,2000,,0.799,2,10293
9529,3700,,,1,10293
9543,260,,,1,10293
9561,0.047,,,1,10293
9616,19,,,1,10293
9624,190,,,1,10293
9639,2300,,,1,10293
9641,490,,,1,10293
9658,2.6,,,1,10293
9661,2,,,1,10293
9699,18,,,1,10293
9701,18,,,1,10293
9711,13,,,1,10293
9715,40,,,1,10293
9720,79,,,1,10293
9742,39,,,1,10293
9758,0.26,,,1,10293
9773,32,,,1,10293
9822,13,,,1,10293
9840,0.25,,,1,10293
9844,150,,,1,10293
9911,3.1,,,1,10293
9976,2.1,,,1,10293
10053,47,,,1,10293
10075,4.9,,,1,10293
10124,1.2,,,1,10293
10150,0.35,,,1,10293
10175,53,,,1,10293
10209,420,,,1,10293
10254,270,,,1,10293
10301,990,,,1,10293
10363,59,,,1,10293
10386,27,,,1,10293
10447,440,,,1,10293
10457,980,,,1,10293
10616,11,,,1,10293
10742,14,,,1,10293
10799,1800,,,1,10293
10830,5.4,,,1,10293
10844,7.5,,,1,10293
10854,12,,,1,10293
10860,7.2,,,1,10293
10866,0.84,,1.31,2,10293
10881,3.1,,,1,10293
10883,4.1,,,1,10293
10886,31,,,1,10293
10896,20,,,1,10293
10898,2.5,,,1,10293
10901,0.51,,,1,10293
10902,11,,,1,10293
10905,38,,,1,10293
10909,34,,,1,10293
10955,190,,,1,10293
10981,130,,,1,10293
11059,4,,,1,10293
11062,7.9,,,1,10293
11071,11,,,1,10293
11087,5.6,,,1,10293
11092,4.2,,,1,10293
11109,81,,,1,10293
11110,51,,0,2,10293
11111,75,,,1,10293
11114,36,,0.762,3,10293
11115,20,,0.68,2,10293
11116,230,,,1,10293
11118,55,,,1,10293
11119,52,,,1,10293
11242,0.091,,,1,10293
11245,3100,,,1,10293
11306,0.48,,,1,10293
11330,13,,,1,10293
11389,0.057,,,1,10293
11401,340,,,1,10293
11465,0.011,,0,2,10293
11494,0.0075,,,1,10293
11499,86,,,1,10293
11502,55,,,1,10293
11513,510,,,1,10293
11515,250,,0.799,2,10293
11590,0.32,,,1,10293
11621,56,,,1,10293
11756,10,,,1,10293
11918,1.3,,,1,10293
11920,0.28,,,1,10293
11978,770,,,1,10293
11980,560,,,1,10293
12003,430,,,1,10293
12082,940,,,1,10293
12116,11,,,1,10293
12119,6.7,,,1,10293
12125,270,,,1,10293
12175,220,,,1,10293
12232,98,,,1,10293
12559,1400,,,1,10293
12756,0.17,,,1,10293
12822,0.55,,,1,10293
12842,0.89,,,1,10293
12857,0.14,,,1,10293
12862,0.099,,,1,10293
12887,0.048,,,1,10293
13199,8.8,,,1,10293
13204,28,,0,2,10293
13209,34,,,1,10293
13225,1.2,,,1,10293
13226,0.23,,,1,10293
13416,8.2,,,1,10293
13424,13,,,1,10293
13472,9.2,,,1,10293
13476,0.87,,,1,10293
13479,2,,,1,10293
13506,14000,,,1,10293
13525,13,,,1,10293
13530,19,,,1,10293
13535,0.65,,,1,10293
13769,8.8,,,1,10293
13955,0.18,,,1,10293
13981,0.082,,,1,10293
13989,4.1,,,1,10293
14048,350,,,1,10293
14050,76,,,1,10293
14071,130,,,1,10293
14083,19,,,1,10293
14201,65,,,1,10293
14295,0.073,,,1,10293
14304,0.9,,,1,10293
14322,0.55,,,1,10293
14324,1,,,1,10293
14343,0.45,,,1,10293
14359,100,,,1,10293
14382,820,,,1,10293
14414,17,,0.079,2,10293
14482,340,,,1,10293
14492,420,,1.077,2,10293
14496,270,,,1,10293
14497,410,,,1,10293
14504,250,,,1,10293
14514,180,,,1,10293
14693,0.043,,0.288,2,10293
14698,840,,,1,10293
14703,4900,,,1,10293
14833,0.1,,,1,10293
14898,57,,,1,10293
15032,390,,,1,10293
15047,51,,,1,10293
15125,0.014,,,1,10293
15368,900,,,1,10293
15530,880,,0,2,10293
15545,300,,,1,10293
15560,1100,,,1,10293
15576,52,,,1,10293
15606,1400,,,1,10293
15607,2100,,,1,10293
15611,3300,,,1,10293
15631,0.0099,,,1,10293
15669,6.9,,,1,10293
15747,2.8,,,1,10293
15760,13,,,1,10293
15813,250,,,1,10293
15819,16,,,1,10293
15821,110,,,1,10293
15824,15,,,1,10293
15828,5800,,,1,10293
15831,3800,,0,2,10293
15847,520,,,1,10293
15858,150,,,1,10293
15863,450,,,1,10293
15866,130,,,1,10293
15878,91,,,1,10293
15883,320,,,1,10293
15888,100,,,1,10293
15893,28,,,1,10293
15899,140,,,1,10293
15900,520,,,1,10293
16116,0.035,,,1,10293
16117,2.6,,,1,10293
16132,2.1,,,1,10293
16141,0.26,,,1,10293
16149,0.39,,,1,10293
16171,0.91,,,1,10293
16176,0.13,,,1,10293
16184,8.2,,,1,10293
16208,2.1,,,1,10293
16209,0.4,,,1,10293
16260,1.9,,0.22,2,10293
16287,13,,,1,10293
16295,6.4,,,1,10293
16312,1.4,,,1,10293
16321,4.1,,,1,10293
16355,3400,,,1,10293
16364,1400,,,1,10293
16387,1400,,,1,10293
16395,6400,,,1,10293
16456,15,,,1,10293
16535,0.048,,0.465,2,10293
16537,0.065,,,1,10293
16552,0.099,,,1,10293
16568,0.14,,,1,10293
16572,0.055,,,1,10293
16574,0.087,,,1,10293
16575,0.082,,,1,10293
16587,0.074,,,1,10293
16593,0.078,,,1,10293
16658,0.057,,,1,10293
16659,0.015,,,1,10293
16695,0.11,,,1,10293
16724,0.05,,,1,10293
16732,0.31,,,1,10293
16798,0.04,,,1,10293
16807,0.073,,,1,10293
16839,0.44,,,1,10293
16863,1400,,,1,10293
16943,0.55,,,1,10293
16987,2.7,,,1,10293
16998,2.3,,,1,10293
17015,1300,,,1,10293
17021,390,,,1,10293
17082,170,,,1,10293
17121,1000,,0.067,2,10293
17559,110,,,1,10293
17615,350,,,1,10293
17661,52,,,1,10293
17690,0.42,,,1,10293
17834,0.065,,,1,10293
17839,0.52,,,1,10293
17866,0.12,,,1,10293
18091,0.9,,,1,10293
18096,1.2,,,1,10293
18133,38000,,,1,10293
18141,760,,,1,10293
18144,0.098,,,1,10293
18185,67,,,1,10293
18207,54,,,1,10293
18271,34,,,1,10293
18292,1.6,,,1,10293
18293,3.3,,,1,10293
18315,6.9,,,1,10293
18350,0.66,,,1,10293
18353,2.5,,,1,10293
18358,0.32,,,1,10293
18370,0.31,,,1,10293
18373,2.9,,,1,10293
18395,0.3,,,1,10293
18400,1.9,,,1,10293
18402,0.66,,,1,10293
18424,1.7,,,1,10293
18425,0.52,,0,3,10293
18427,5,,,1,10293
18432,0.52,,,1,10293
18433,5.9,,,1,10293
18439,0.28,,,1,10293
18440,0.28,,,1,10293
18441,0.00052,,1.411,2,10293
18448,0.8,,,1,10293
18450,0.3,,,1,10293
18452,0.79,,,1,10293
18454,0.72,,,1,10293
18456,0.52,,,1,10293
18459,0.26,,,1,10293
18461,4.2,,,1,10293
18463,3.6,,,1,10293
18466,0.68,,,1,10293
18469,9.6,,,1,10293
18471,0.35,,,1,10293
18473,1,,,1,10293
18476,100,,,1,10293
18477,1.1,,,1,10293
18479,0.52,,,1,10293
18481,0.11,,,1,10293
18489,0.23,,0.776,2,10293
18493,0.34,,,1,10293
18500,0.52,,,1,10293
18506,0.46,,0.087,2,10293
18509,0.29,,,1,10293
18511,0.79,,,1,10293
18519,0.79,,0.092,2,10293
18522,0.38,,,1,10293
18526,0.52,,,1,10293
18528,0.26,,,1,10293
18532,0.065,,,1,10293
18534,0.79,,,1,10293
18535,0.47,,,1,10293
18539,0.52,,,1,10293
18540,0.38,,,1,10293
18550,0.00052,,0,2,10293
18554,3.1,,,1,10293
18556,1.8,,,1,10293
18563,0.52,,0,2,10293
18565,0.22,,,1,10293
18566,0.7,,,1,10293
18568,0.45,,,1,10293
18573,0.47,,,1,10293
18574,0.6,,0.184,2,10293
18576,0.41,,,1,10293
18578,0.37,,,1,10293
18579,0.4,,,1,10293
18588,0.22,,,1,10293
18589,0.52,,,1,10293
18590,0.28,,,1,10293
18591,0.79,,0,2,10293
18592,0.41,,0,2,10293
18594,0.27,,0,2,10293
18597,0.52,,,1,10293
18599,0.52,,,1,10293
18603,0.79,,,1,10293
18605,0.34,,,1,10293
18611,0.47,,,1,10293
18612,0.31,,,1,10293
18638,0.04,,,1,10293
18641,560,,,1,10293
18657,0.37,,,1,10293
18673,0.079,,,1,10293
18715,480,,,1,10293
18771,1.2,,,1,10293
18819,0.52,,,1,10293
18820,0.44,,,1,10293
18823,16,,,1,10293
18847,69,,,1,10293
18872,0.065,,,1,10293
18928,0.057,,,1,10293
18984,62,,,1,10293
19044,15,,,1,10293
19055,13,,,1,10293
19108,20,,,1,10293
19128,8,,,1,10293
19136,3.9,,,1,10293
19137,0.17,,,1,10293
19141,0.82,,,1,10293
19146,7,,,1,10293
19147,12,,,1,10293
19197,0.82,,,1,10293
19200,0.15,,,1,10293
19205,5.1,,,1,10293
19206,1.3,,,1,10293
19207,0.17,,,1,10293
19217,0.57,,,1,10293
19222,2.8,,,1,10293
19233,0.3,,,1,10293
19236,0.52,,,1,10293
19252,12,,,1,10293
19264,1500,,,1,10293
19269,3100,,,1,10293
19274,45,,,1,10293
19275,410,,,1,10293
19277,340,,,1,10293
19283,1700,,,1,10293
19284,4800,,0,2,10293
19299,180,,,1,10293
19317,2000,,,1,10293
19365,1000,,,1,10293
19395,0.11,,,1,10293
19398,0.015,,,1,10293
19399,0.065,,,1,10293
19484,5.6,,,1,10293
19489,150,,,1,10293
19588,0.16,,,1,10293
19632,6.2,,,1,10293
19660,0.86,,,1,10293
19672,1.5,,,1,10293
19675,1.1,,,1,10293
19676,1.7,,,1,10293
19770,7.3,,,1,10293
19813,65,,,1,10293
19814,57,,,1,10293
19845,0.61,,,1,10293
19896,17,,,1,10293
19950,0.91,,,1,10293
19951,0.63,,,1,10293
19960,0.17,,,1,10293
19985,560,,,1,10293
20020,0.0091,,,1,10293
20027,700,,,1,10293
20028,580,,,1,10293
20029,660,,,1,10293
20030,1700,,,1,10293
20075,2.7,,,1,10293
20154,3100,,,1,10293
20379,170,,,1,10293
20448,34,,,1,10293
20449,92,,,1,10293
20464,4.2,,,1,10293
20472,30,,,1,10293
20496,94,,,1,10293
20503,680,,,1,10293
20504,920,,,1,10293
20506,270,,,1,10293
20515,2,,,1,10293
20594,1700,,,1,10293
20625,14,,,1,10293
20678,1100,,,1,10293
20762,0.79,,,1,10293
20932,21000,,,1,10293
20988,5.3,,,1,10293
21037,16,,,1,10293
21046,400,,,1,10293
21150,1.2,,,1,10293
21154,0.26,,,1,10293
21166,44,,,1,10293
21318,0.28,,,1,10293
21332,0.99,,,1,10293
21368,7.6,,,1,10293
21443,4.2,,,1,10293
21494,0.065,,,1,10293
21496,0.25,,,1,10293
21526,0.22,,,1,10293
21528,0.14,,,1,10293
21621,2900,,,1,10293
21697,11,,,1,10293
21745,3.6,,,1,10293
22125,4.2,,,1,10293
22180,0.35,,,1,10293
22181,520,,,1,10293
22184,130,,,1,10293
22234,0.36,,,1,10293
22243,65,,,1,10293
22331,3.1,,,1,10293
22334,43,,,1,10293
22347,1400,,,1,10293
22348,7600,,,1,10293
22354,6700,,,1,10293
22355,4400,,,1,10293
22389,25,,,1,10293
22506,920,,,1,10293
22647,0.48,,,1,10293
22677,13000,,,1,10293
22885,0.032,,,1,10293
22908,0.13,,,1,10293
22945,1.8,,,1,10293
23021,220,,,1,10293
23077,1.6,,,1,10293
23099,50,,,1,10293
23109,22,,,1,10293
23121,12,,,1,10293
23136,7.6,,,1,10293
23156,8.4,,,1,10293
23162,130,,,1,10293
23163,9.2,,,1,10293
23173,65,,,1,10293
23181,39,,,1,10293
23186,0.48,,,1,10293
23206,5.8,,,1,10293
23247,4.7,,,1,10293
23310,2.5,,,1,10293
23321,410,,,1,10293
23324,180,,,1,10293
23331,270,,,1,10293
23333,1000,,,1,10293
23335,1200,,,1,10293
23344,8800,,,1,10293
23448,36,,,1,10293
23483,12,,,1,10293
23525,11000,,,1,10293
23526,8300,,,1,10293
23648,0.057,,,1,10293
23659,0.048,,,1,10293
23691,17,,,1,10293
23759,48,,,1,10293
23816,0.26,,,1,10293
23857,0.057,,,1,10293
23865,130,,,1,10293
23868,170,,,1,10293
23931,8500,,0.241,2,10293
23944,0.0075,,,1,10293
23954,0.022,,,1,10293
23964,0.0075,,,1,10293
23981,0.015,,,1,10293
24001,0.032,,,1,10293
24005,0.024,,,1,10293
24046,0.082,,,1,10293
24049,0.0075,,,1,10293
24053,0.0075,,,1,10293
24065,96,,,1,10293
24067,0.7,,,1,10293
24072,65,,,1,10293
24073,23,,,1,10293
24081,8.8,,,1,10293
24156,2.8,,,1,10293
24224,10,,,1,10293
24285,130,,,1,10293
24307,2200,,,1,10293
24309,150,,,1,10293
24310,1100,,,1,10293
24311,2100,,,1,10293
24315,30,,,1,10293
24493,0.048,,,1,10293
24575,0.9,,,1,10293
24576,0.51,,,1,10293
24600,140,,,1,10293
24651,1.8,,0,2,10293
24670,110,,,1,10293
24676,15,,,1,10293
24729,0.8,,,1,10293
24756,10,,,1,10293
24762,6.4,,,1,10293
24763,6.6,,,1,10293
24768,8.3,,,1,10293
24791,13,,,1,10293
24885,12,,,1,10293
24886,86,,,1,10293
24918,560,,,1,10293
24919,800,,,1,10293
24991,16,,,1,10293
25028,0.065,,,1,10293
25062,0.38,,,1,10293
25259,1.8,,,1,10293
25266,0.9,,,1,10293
25353,400,,,1,10293
25386,19,,,1,10293
25392,14,,,1,10293
25485,1.4,,,1,10293
25496,0.25,,,1,10293
25549,57,,,1,10293
25557,0.38,,0.233,2,10293
25609,590,,,1,10293
25657,0.00037,,,1,10293
25802,24,,,1,10293
25814,8.5,,,1,10293
25819,24,,,1,10293
26038,1.2,,,1,10293
26077,0.13,,,1,10293
26218,5.8,,,1,10293
26308,60,,,1,10293
26343,1500,,,1,10293
26389,450,,,1,10293
26395,450,,,1,10293
26396,220,,,1,10293
26399,2600,,,1,10293
26407,900,,,1,10293
26410,110,,,1,10293
26412,150,,,1,10293
26431,100,,,1,10293
26444,5000,,,1,10293
26453,200,,,1,10293
26460,930,,,1,10293
26581,0.015,,,1,10293
26584,2.7,,,1,10293
26585,1.6,,,1,10293
26588,3.6,,,1,10293
26598,3.2,,,1,10293
26673,9.2,,,1,10293
26681,8.8,,,1,10293
26685,14,,,1,10293
26687,1.5,,,1,10293
26688,8,,,1,10293
26696,5.9,,,1,10293
26744,1.3,,,1,10293
26745,1.9,,,1,10293
26776,0.9,,,1,10293
26832,0.048,,,1,10293
26837,0.032,,,1,10293
26838,0.97,,,1,10293
26918,1.9,,,1,10293
26943,0.36,,,1,10293
26997,4.2,,,1,10293
27048,0.25,,,1,10293
27114,26,,,1,10293
27141,0.38,,,1,10293
27159,0.35,,,1,10293
27167,0.44,,,1,10293
27171,0.032,,,1,10293
27172,0.061,,,1,10293
27182,460,,,1,10293
27187,65,,,1,10293
27194,6.1,,,1,10293
27195,13,,,1,10293
27204,6.3,,,1,10293
27218,23,,,1,10293
27296,570,,,1,10293
27313,200,,,1,10293
27321,39,,,1,10293
27323,2.8,,0.943,2,10293
27327,230,,,1,10293
27358,32,,,1,10293
27374,2100,,,1,10293
27393,0.065,,,1,10293
27400,5.1,,,1,10293
27407,2100,,,1,10293
27412,110,,,1,10293
27423,430,,,1,10293
27440,300,,,1,10293
27459,16,,,1,10293
27513,0.014,,,1,10293
27521,17,,,1,10293
27527,11,,,1,10293
27557,23,,,1,10293
27609,23,,,1,10293
27614,32,,,1,10293
27636,5.5,,,1,10293
27645,59000,,,1,10293
27694,22000,,,1,10293
27707,130,,,1,10293
27715,320,,,1,10293
27721,1500,,,1,10293
27766,5200,,,1,10293
27793,140,,,1,10293
27899,4.4,,,1,10293
27902,1300,,,1,10293
27946,0.082,,0.529,2,10293
27966,6400,,,1,10293
27977,16,,,1,10293
28006,150,,,1,10293
28085,1.6,,,1,10293
28087,1,,,1,10293
28092,0.52,,,1,10293
28097,4.2,,,1,10293
28218,6.8,,,1,10293
28251,0.05,,,1,10293
28261,760,,,1,10293
28263,32,,,1,10293
28273,2.1,,,1,10293
28344,17,,,1,10293
28382,3.6,,,1,10293
28393,2.2,,0.09,2,10293
28454,68,,,1,10293
28506,0.19,,,1,10293
28507,0.18,,,1,10293
28513,0.07,,,1,10293
28517,0.032,,,1,10293
28524,7.4,,,1,10293
28592,520,,,1,10293
28618,0.52,,,1,10293
28619,5,,,1,10293
28745,0.9,,,1,10293
28757,0.042,,,1,10293
28778,0.0029,,,1,10293
28793,4.2,,,1,10293
28924,130,,,1,10293
28960,590,,,1,10293
29094,0.014,,,1,10293
29095,0.99,,,1,10293
29128,3.5,,,1,10293
29141,5.1,,,1,10293
29161,1200,,,1,10293
29162,790,,,1,10293
29164,690,,,1,10293
29199,0.34,,,1,10293
29203,340,,,1,10293
29263,0.23,,,1,10293
29264,0.074,,,1,10293
29274,0.62,,,1,10293
29291,0.074,,,1,10293
29294,380,,,1,10293
29328,2100,,,1,10293
29346,790,,,1,10293
29362,2100,,,1,10293
29429,2.3,,,1,10293
29432,7.4,,,1,10293
29433,1.8,,,1,10293
29503,3,,,1,10293
29504,5.3,,,1,10293
29526,0.024,,,1,10293
29547,97,,,1,10293
29579,0.12,,,1,10293
29628,22,,,1,10293
29633,78,,,1,10293
29653,0.5,,,1,10293
29665,0.17,,,1,10293
29750,75,,1.29,3,10293
29767,54,,,1,10293
29773,13,,,1,10293
29776,220,,,1,10293
29804,3.3,,,1,10293
29821,18000,,,1,10293
29827,9100,,,1,10293
29828,16000,,,1,10293
29870,14,,0,2,10293
29938,40,,,1,10293
29961,17,,,1,10293
29977,6.9,,,1,10293
29984,4.6,,,1,10293
30043,0.47,,,1,10293
30061,410,,,1,10293
30078,1300,,,1,10293
30125,100,,,1,10293
30148,200,,,1,10293
30166,4.5,,,1,10293
30167,34,,,1,10293
30213,0.48,,,1,10293
30231,2900,,,1,10293
30283,1.3,,,1,10293
30342,0.8,,,1,10293
30366,0.048,,,1,10293
30409,7000,,,1,10293
30466,8.2,,,1,10293
30479,5.6,,,1,10293
30500,140,,,1,10293
30535,3900,,,1,10293
30547,120,,,1,10293
30601,760,,,1,10293
30614,1200,,,1,10293
30685,3800,,0.264,3,10293
30694,1.2,,,1,10293
30776,200,,0.26,2,10293
30777,290,,,1,10293
30888,13,,,1,10293
30892,4000,,,1,10293
31014,47,,,1,10293
31067,500,,,1,10293
31074,1.8,,,1,10293
31099,38,,,1,10293
31109,31,,,1,10293
31114,18,,,1,10293
31210,0.081,,,1,10293
31332,100,,,1,10293
31354,28,,,1,10293
31451,15,,,1,10293
31452,130,,,1,10293
31507,0.38,,,1,10293
31510,0.14,,,1,10293
31593,0.64,,,1,10293
31637,4100,,,1,10293
31659,4.8,,,1,10293
31698,5.9,,,1,10293
31731,5900,,,1,10293
31846,38000,,,1,10293
31849,4600,,,1,10293
31877,0.26,,,1,10293
31888,0.71,,,1,10293
31905,0.63,,,1,10293
31926,4.1,,,1,10293
31985,0.099,,,1,10293
32001,0.17,,,1,10293
32003,0.27,,,1,10293
32067,70,,,1,10293
32091,0.015,,,1,10293
32107,4000,,,1,10293
32109,5500,,,1,10293
32125,410,,,1,10293
32126,1500,,,1,10293
32131,110,,,1,10293
32189,36,,,1,10293
32190,24,,,1,10293
32221,0.48,,,1,10293
32232,11,,,1,10293
32262,2.1,,,1,10293
32290,1.4,,,1,10293
32295,6.3,,,1,10293
32307,0.34,,,1,10293
32322,120,,,1,10293
32324,8.2,,,1,10293
32330,45,,,1,10293
32365,10,,,1,10293
32366,65,,,1,10293
32369,59,,,1,10293
32395,520,,,1,10293
32411,220,,,1,10293
32554,0.4,,,1,10293
32600,27,,,1,10293
32632,3.6,,,1,10293
32636,14000,,,1,10293
32868,35,,,1,10293
32899,2.6,,,1,10293
32951,65000,,,1,10293
32969,0.54,,,1,10293
32975,2,,,1,10293
32978,1.9,,,1,10293
32980,5.6,,,1,10293
32983,2,,,1,10293
32992,1.1,,,1,10293
32993,1.5,,0,2,10293
32994,2.2,,,1,10293
33017,30,,,1,10293
33110,5,,,1,10293
33120,4100,,,1,10293
33143,360,,,1,10293
33212,69,,,1,10293
33213,16,,,1,10293
33259,0.64,,,1,10293
33287,380,,,1,10293
33288,1300,,,1,10293
33292,4200,,,1,10293
33335,95,,,1,10293
33343,2.7,,,1,10293
33352,0.18,,,1,10293
33489,75,,,1,10293
33663,0.68,,,1,10293
33680,10,,,1,10293
33758,1.2,,,1,10293
33775,3.1,,,1,10293
33792,0.16,,,1,10293
33798,93,,,1,10293
33799,15,,,1,10293
33800,4.8,,,1,10293
33801,5.2,,,1,10293
33803,4.6,,,1,10293
33805,4.2,,,1,10293
34029,0.39,,,1,10293
34122,0.17,,,1,10293
34174,6,,,1,10293
34217,0.38,,,1,10293
34253,660,,,1,10293
34359,300,,,1,10293
34402,0.52,,,1,10293
34403,0.048,,,1,10293
34404,0.27,,,1,10293
34409,0.13,,,1,10293
34428,1.5,,,1,10293
34439,0.17,,,1,10293
34446,0.77,,,1,10293
34481,2.2,,,1,10293
34483,29,,,1,10293
34500,14,,,1,10293
34501,0.059,,,1,10293
34517,0.38,,,1,10293
34573,75,,,1,10293
34575,32,,,1,10293
34576,51,,,1,10293
34599,95,,,1,10293
34703,12,,,1,10293
34705,38,,,1,10293
34708,8.1,,,1,10293
34817,0.87,,,1,10293
34823,1.4,,,1,10293
34827,0.42,,,1,10293
34835,0.24,,,1,10293
34857,0.35,,,1,10293
34858,1.8,,,1,10293
34861,0.82,,,1,10293
34864,0.32,,,1,10293
34866,0.57,,,1,10293
34867,0.27,,,1,10293
34938,2600,,,1,10293
35033,1400,,,1,10293
35116,270,,,1,10293
35131,0.62,,,1,10293
35160,9.2,,,1,10293
35166,38,,,1,10293
35200,0.3,,,1,10293
35202,0.14,,,1,10293
35203,0.31,,,1,10293
35222,0.17,,,1,10293
35243,0.27,,,1,10293
35246,0.21,,,1,10293
35263,0.17,,,1,10293
35266,0.15,,,1,10293
35271,0.24,,,1,10293
35272,0.23,,,1,10293
35303,0.2,,,1,10293
35319,1700,,,1,10293
35328,530,,,1,10293
35329,110,,,1,10293
35380,0.82,,,1,10293
35410,1300,,,1,10293
35455,0.04,,,1,10293
35533,5.6,,,1,10293
35535,0.78,,,1,10293
35645,0.082,,,1,10293
35916,1,,,1,10293
35918,32,,,1,10293
35938,0.091,,,1,10293
35951,0.52,,,1,10293
35979,630,,,1,10293
36009,1.9,,,1,10293
36026,0.23,,,1,10293
36033,0.35,,,1,10293
36049,0.082,,,1,10293
36052,0.26,,,1,10293
36053,0.25,,,1,10293
36075,270,,,1,10293
36082,570,,,1,10293
36084,700,,,1,10293
36090,1100,,,1,10293
36092,1400,,,1,10293
36097,23000,,,1,10293
36176,65,,,1,10293
36256,4.2,,,1,10293
36305,49,,,1,10293
36347,220,,,1,10293
36352,1.7,,,1,10293
36353,270,,,1,10293
36355,190,,,1,10293
36356,1400,,,1,10293
36357,180,,,1,10293
36362,180,,,1,10293
36366,590,,,1,10293
36371,51,,,1,10293
36373,270,,,1,10293
36375,84,,,1,10293
36378,480,,,1,10293
36384,3400,,,1,10293
36389,110,,,1,10293
36390,150,,,1,10293
36393,270,,,1,10293
36398,87,,,1,10293
36413,14,,,1,10293
36509,720,,,1,10293
36516,3.9,,,1,10293
36550,16,,,1,10293
36551,65,,,1,10293
36564,34,,,1,10293
36626,72,,,1,10293
36659,9,,,1,10293
36875,23,,,1,10293
37085,0.051,,,1,10293
37252,0.26,,,1,10293
37340,650,,,1,10293
37397,1900,,,1,10293
37420,16,,,1,10293
37493,86,,,1,10293
37559,1900,,,1,10293
37563,1300,,,1,10293
37570,1000,,,1,10293
37571,1100,,,1,10293
37578,2300,,,1,10293
37644,110,,,1,10293
37668,1.6,,,1,10293
37713,0.7,,,1,10293
37745,2.7,,,1,10293
37765,11,,,1,10293
37779,1.1,,,1,10293
37800,0.55,,,1,10293
37802,4,,,1,10293
37812,0.065,,,1,10293
37900,22,,,1,10293
37904,33000,,,1,10293
37915,1200,,,1,10293
37934,170,,,1,10293
38006,140,,,1,10293
38054,120,,,1,10293
38061,14,,,1,10293
38065,70,,,1,10293
38067,14,,,1,10293
38078,14,,,1,10293
38083,10,,,1,10293
38101,300,,,1,10293
38128,1.2,,,1,10293
38136,11,,,1,10293
38228,410,,,1,10293
38234,8.6,,,1,10293
38243,48,,,1,10293
38246,8.8,,,1,10293
38257,9.5,,,1,10293
38348,1.4,,,1,10293
38405,3.2,,,1,10293
38420,3.1,,,1,10293
38423,0.96,,,1,10293
38442,1600,,,1,10293
38443,360,,,1,10293
38460,5,,,1,10293
38462,20,,,1,10293
38511,3.3,,,1,10293
38661,0.057,,,1,10293
38676,13,,,1,10293
38700,5.6,,,1,10293
38708,14,,,1,10293
38711,12,,,1,10293
38744,0.17,,,1,10293
38773,350,,,1,10293
38788,920,,,1,10293
38796,6.5,,,1,10293
38800,16,,,1,10293
38820,0.97,,,1,10293
38821,2.2,,,1,10293
38835,2.4,,,1,10293
38878,6.1,,,1,10293
38913,0.62,,,1,10293
38967,2.4,,,1,10293
39009,1.8,,,1,10293
39094,1.1,,,1,10293
39100,0.81,,,1,10293
39107,0.9,,,1,10293
39112,0.9,,,1,10293
39127,0.9,,,1,10293
39171,1.4,,,1,10293
39183,9.6,,,1,10293
39198,1.7,,,1,10293
39240,4.8,,,1,10293
39315,1.1,,,1,10293
39316,0.34,,0,3,10293
39328,1.4,,,1,10293
39329,2.6,,,1,10293
39354,2,,,1,10293
39361,1.9,,,1,10293
39366,0.84,,,1,10293
39416,2.5,,,1,10293
39484,550,,,1,10293
39500,22,,,1,10293
39534,0.0075,,,1,10293
39539,0.015,,,1,10293
39543,0.032,,,1,10293
39546,0.014,,,1,10293
39627,0.81,,,1,10293
39734,1.7,,,1,10293
39741,44,,,1,10293
39838,1.8,,,1,10293
39848,18,,,1,10293
39849,2.9,,,1,10293
39851,0.91,,,1,10293
39853,3.8,,,1,10293
39856,3,,,1,10293
39860,0.024,,,1,10293
39873,3000,,,1,10293
39915,100,,,1,10293
39929,1300,,,1,10293
39940,1200,,,1,10293
39948,34,,,1,10293
39950,34,,,1,10293
39972,21,,,1,10293
40031,1000,,,1,10293
40066,0.1,,,1,10293
40068,0.065,,,1,10293
40200,110,,,1,10293
40206,97,,,1,10293
40257,4,,,1,10293
40338,31,,,1,10293
40339,29,,,1,10293
40343,10,,,1,10293
40351,0.048,,,1,10293
40428,630,,,1,10293
40452,3.6,,,1,10293
40461,1.2,,1.01,2,10293
40566,0.11,,,1,10293
40568,0.04,,,1,10293
40579,0.11,,,1,10293
40580,0.3,,,1,10293
40613,24,,,1,10293
40730,0.88,,,1,10293
40753,0.091,,,1,10293
40806,25,,,1,10293
40807,8,,,1,10293
40826,21,,,1,10293
41190,0.23,,,1,10293
41198,37,,,1,10293
41210,25,,,1,10293
41235,52,,,1,10293
41247,19,,,1,10293
41265,470,,,1,10293
41311,2.2,,,1,10293
41345,0.46,,,1,10293
41358,2.1,,,1,10293
41370,1.4,,,1,10293
41372,1.3,,,1,10293
41382,0.71,,,1,10293
41383,1.1,,,1,10293
41395,1.5,,,1,10293
41422,6200,,,1,10293
41467,2.4,,,1,10293
41488,2.2,,,1,10293
41493,2.4,,,1,10293
41591,0.082,,,1,10293
41616,0.91,,,1,10293
41624,0.14,,0.094,2,10293
41628,0.29,,,1,10293
41645,0.62,,0.15,4,10293
41705,220,,,1,10293
41719,2,,,1,10293
41750,450,,,1,10293
41817,160,,,1,10293
41825,71,,,1,10293
41828,22,,,1,10293
41839,19,,,1,10293
41845,21,,,1,10293
41894,3400,,0,2,10293
41902,0.9,,,1,10293
41906,0.52,,0.218,2,10293
41911,6.3,,,1,10293
41924,2.3,,,1,10293
41940,1.4,,,1,10293
41944,0.58,,,1,10293
41960,4.2,,,1,10293
41968,2,,,1,10293
41969,5.8,,,1,10293
41975,2.1,,,1,10293
41984,1.9,,,1,10293
41987,4.6,,,1,10293
41995,5.6,,,1,10293
41996,0.014,,,1,10293
42014,12,,0,2,10293
42032,2.5,,,1,10293
42042,0.9,,,1,10293
42046,0.62,,,1,10293
42047,1.1,,,1,10293
42055,1.9,,,1,10293
42081,0.086,,,1,10293
42085,0.048,,,1,10293
42091,0.11,,,1,10293
42107,0.43,,,1,10293
42108,1.6,,,1,10293
42135,1.2,,,1,10293
42189,3.8,,,1,10293
42193,3.4,,,1,10293
42195,4.8,,0.761,2,10293
42224,1.8,,,1,10293
42229,9.3,,,1,10293
42230,3.6,,,1,10293
42352,0.35,,,1,10293
42366,0.048,,,1,10293
42368,0.082,,,1,10293
42372,0.057,,,1,10293
42500,0.074,,,1,10293
42569,3000,,,1,10293
42570,9900,,,1,10293
42571,4800,,,1,10293
42588,0.21,,,1,10293
42591,0.12,,,1,10293
42659,1.3,,,1,10293
42738,0.082,,,1,10293
42760,0.06,,,1,10293
42781,0.23,,,1,10293
42786,0.13,,,1,10293
42788,0.52,,,1,10293
42793,0.22,,,1,10293
42802,0.088,,,1,10293
42837,0.21,,,1,10293
42956,73,,,1,10293
42970,2400,,,1,10293
42971,340,,,1,10293
42983,2200,,,1,10293
43156,2.6,,,1,10293
43223,9.3,,,1,10293
43261,110,,,1,10293
43290,0.14,,,1,10293
43348,550,,,1,10293
43355,5600,,0.322,2,10293
43359,9200,,,1,10293
43360,5.1,,,1,10293
43362,7.2,,,1,10293
43414,75,,,1,10293
43451,29,,,1,10293
43457,130,,,1,10293
43463,2.6,,,1,10293
43473,0.56,,,1,10293
43517,290,,,1,10293
43525,29,,,1,10293
43535,65,,,1,10293
43551,84,,1.568,3,10293
43553,2800,,,1,10293
43571,1800,,,1,10293
43578,620,,,1,10293
43581,470,,,1,10293
43587,1200,,0.722,2,10293
43608,520,,,1,10293
43622,8.2,,0.907,3,10293
43630,240,,,1,10293
43674,190,,,1,10293
43679,170,,,1,10293
43789,23,,,1,10293
43828,1.1,,,1,10293
43845,1200,,,1,10293
43878,0.17,,,1,10293
44268,1.8,,,1,10293
44297,74,,,1,10293
44298,16,,,1,10293
44473,3700,,,1,10293
44475,75,,,1,10293
44480,16000,,,1,10293
44491,240,,,1,10293
44493,28,,0.726,2,10293
44508,260,,,1,10293
44527,28,,,1,10293
44550,1800,,,1,10293
44565,110,,,1,10293
44582,4.2,,,1,10293
44623,180,,,1,10293
44636,320,,,1,10293
44645,220,,,1,10293
44698,65,,,1,10293
44757,1,,,1,10293
44949,2.7,,,1,10293
44952,2300,,,1,10293
44999,0.9,,,1,10293
45105,0.12,,,1,10293
45138,41,,,1,10293
45205,4.2,,,1,10293
45207,10,,,1,10293
45214,4900,,,1,10293
45259,0.024,,,1,10293
45321,1.8,,,1,10293
45323,1.6,,,1,10293
45337,660,,,1,10293
45382,23,,,1,10293
45444,0.065,,,1,10293
45449,260,,0.471,2,10293
45478,1.3,,,1,10293
45481,22,,,1,10293
45488,810,,,1,10293
45493,800,,,1,10293
45523,9.2,,,1,10293
45615,150,,,1,10293
45622,140,,,1,10293
45631,14,,,1,10293
45660,0.21,,,1,10293
45668,1.2,,,1,10293
45669,0.17,,,1,10293
45673,7.1,,,1,10293
45678,0.48,,,1,10293
45679,1.2,,,1,10293
45685,0.35,,,1,10293
45689,0.57,,,1,10293
45690,2.9,,,1,10293
45717,2,,,1,10293
45718,0.99,,,1,10293
45719,0.58,,,1,10293
45720,1.3,,,1,10293
45722,0.55,,,1,10293
45730,1.8,,,1,10293
45732,6.4,,,1,10293
45733,0.18,,,1,10293
45736,0.53,,,1,10293
45751,0.25,,,1,10293
45784,390,,,1,10293
45815,0.22,,,1,10293
45828,0.84,,,1,10293
45911,37,,,1,10293
45950,16,,,1,10293
45960,87,,,1,10293
45971,2.7,,,1,10293
45979,1.2,,,1,10293
45990,36,,,1,10293
46004,9.2,,,1,10293
46055,0.0082,,,1,10293
46056,0.054,,,1,10293
46058,0.065,,,1,10293
46172,6.3,,,1,10293
46174,0.7,,,1,10293
46220,0.27,,,1,10293
46222,0.16,,,1,10293
46227,0.19,,,1,10293
46236,0.45,,,1,10293
46288,210,,,1,10293
46296,490,,,1,10293
46308,1.9,,,1,10293
46333,0.17,,,1,10293
46343,0.065,,,1,10293
46345,0.9,,,1,10293
46348,0.19,,,1,10293
46401,24,,,1,10293
46418,1000,,,1,10293
46512,0.074,,,1,10293
46522,0.28,,,1,10293
46579,0.5,,,1,10293
46585,0.025,,,1,10293
46590,0.14,,,1,10293
46593,0.047,,,1,10293
46603,0.31,,,1,10293
46633,3.8,,,1,10293
46643,0.082,,,1,10293
46649,0.35,,,1,10293
46658,0.1,,,1,10293
46665,0.027,,,1,10293
46666,0.86,,,1,10293
46669,0.3,,,1,10293
46684,0.16,,,1,10293
46686,0.04,,,1,10293
46714,0.082,,,1,10293
46729,32,,,1,10293
46730,18,,,1,10293
46734,48,,,1,10293
46738,39,,,1,10293
46743,62,,,1,10293
46744,73,,,1,10293
46755,47,,,1,10293
46772,12,,,1,10293
46778,690,,,1,10293
46805,32,,,1,10293
46807,19,,,1,10293
46813,4,,,1,10293
46842,25,,,1,10293
46869,0.54,,,1,10293
46908,0.45,,,1,10293
46931,3.8,,,1,10293
46934,0.72,,,1,10293
46944,1.1,,,1,10293
46945,1.2,,,1,10293
46970,2200,,,1,10293
46978,34,,,1,10293
46987,38,,,1,10293
46996,690,,,1,10293
46998,2300,,,1,10293
47005,770,,,1,10293
47024,27,,,1,10293
47025,22,,,1,10293
47032,34,,,1,10293
47034,24,,,1,10293
47071,63,,,1,10293
47116,0.36,,,1,10293
47197,440,,,1,10293
47292,39,,,1,10293
47339,23,,,1,10293
47341,34,,,1,10293
47344,1.8,,,1,10293
47405,4700,,,1,10293
47409,16,,,1,10293
47479,700,,,1,10293
47480,1800,,,1,10293
47504,140,,,1,10293
47506,42,,,1,10293
47516,140,,,1,10293
47574,34,,,1,10293
47641,8.9,,0,2,10293
47659,13,,,1,10293
47706,150,,,1,10293
47718,21,,,1,10293
47778,3.9,,,1,10293
47784,1900,,,1,10293
47792,240,,,1,10293
47800,100,,,1,10293
47804,74,,,1,10293
47837,1.2,,,1,10293
47840,1,,,1,10293
47911,4.2,,,1,10293
47928,0.17,,,1,10293
47954,1.7,,,1,10293
48047,1700,,,1,10293
48170,270,,,1,10293
48181,320,,,1,10293
48185,84,,,1,10293
48250,36,,,1,10293
48251,160,,,1,10293
48266,6.3,,,1,10293
48355,180,,,1,10293
48467,0.12,,0,2,10293
48802,99,,,1,10293
49000,93,,0.118,2,10293
49015,54,,,1,10293
49019,270,,,1,10293
49026,52,,,1,10293
49077,760,,,1,10293
49105,470,,,1,10293
49114,470,,,1,10293
49122,520,,,1,10293
49151,4.2,,,1,10293
49166,630,,,1,10293
49181,170,,,1,10293
49210,25,,,1,10293
49217,1.6,,,1,10293
49427,6400,,,1,10293
49429,11000,,,1,10293
49476,820,,,1,10293
49483,4500,,,1,10293
49531,1100,,,1,10293
49602,470,,,1,10293
49615,210,,,1,10293
49692,16,,,1,10293
50062,11000,,,1,10293
50094,74,,,1,10293
50117,38,,,1,10293
50229,8200,,,1,10293
50248,150,,,1,10293
50312,64,,,1,10293
52020,1.8,,,1,10293
52698,530,,,1,10293
52769,0.065,,,1,10293
53095,500,,,1,10293
53162,81,,,1,10293
53463,22,,,1,10293
53560,21,,,1,10293
53606,8200,,,1,10293
53667,760,,,1,10293
53671,270,,,1,10293
53672,1200,,,1,10293
53683,110,,,1,10293
53684,130,,,1,10293
53711,110,,,1,10293
53740,0.7,,,1,10293
53741,65,,,1,10293
53748,21,,,1,10293
53830,110,,,1,10293
53833,29,,,1,10293
53838,700,,,1,10293
53842,120,,,1,10293
53844,840,,,1,10293
53845,940,,0.278,2,10293
53860,0.52,,,1,10293
53873,120,,,1,10293
53930,900,,,1,10293
54055,490,,,1,10293
54080,3200,,,1,10293
54168,4200,,,1,10293
54210,4.2,,,1,10293
54213,1.4,,,1,10293
54214,1000,,,1,10293
54240,35000,,,1,10293
54285,190,,,1,10293
54293,85,,,1,10293
54314,62,,,1,10293
54358,680,,,1,10293
54388,4500,,,1,10293
54420,410,,,1,10293
54448,140,,,1,10293
54494,5.1,,,1,10293
54497,9.8,,,1,10293
54503,0.52,,,1,10293
54658,11,,,1,10293
54691,290,,,1,10293
54876,270,,,1,10293
54929,520,,,1,10293
55018,20,,,1,10293
55051,290,,,1,10293
55107,290,,,1,10293
55151,27,,,1,10293
55710,130,,,1,10293
56109,82,,,1,10293
56930,27,,,1,10293
56957,0.9,,,1,10293
57339,0.019,,,1,10293
57492,0.3,,,1,10293
57533,1200,,,1,10293
57696,1.1,,,1,10293
57700,0.71,,,1,10293
58392,4.7,,,1,10293
58458,0.9,,,1,10293
59156,100,,,1,10293
59250,120,,,1,10293
59389,140,,,1,10293
59858,1100,,,1,10293
59894,0.45,,,1,10293
59936,110,,,1,10293
59951,350,,,1,10293
60048,460,,,1,10293
60050,110,,,1,10293
60089,410,,,1,10293
60108,4200,,,1,10293
60144,420,,,1,10293
60148,8900,,,1,10293
60180,10000,,,1,10293
60261,230,,,1,10293
60270,700,,,1,10293
60274,450,,,1,10293
60277,81,,,1,10293
60342,14,,,1,10293
60416,27,,0.116,3,10293
60440,0.8,,,1,10293
60443,560,,,1,10293
60453,840,,,1,10293
60488,20000,,,1,10293
60492,31000,,,1,10293
60507,2500,,,1,10293
60513,750,,,1,10293
60516,11000,,,1,10293
60518,16000,,,1,10293
60544,9500,,,1,10293
60547,7000,,,1,10293
60556,520,,,1,10293
60616,390,,,1,10293
60675,81,,,1,10293
60731,29000,,,1,10293
60732,20000,,,1,10293
60827,14000,,,1,10293
60828,160,,,1,10293
60836,6600,,,1,10293
61054,440,,,1,10293
61248,8600,,,1,10293
61327,760,,,1,10293
61433,330,,,1,10293
61445,11000,,,1,10293
61481,1.9,,,1,10293
61494,1800,,,1,10293
61579,3800,,,1,10293
62063,470,,,1,10293
62432,2.3,,,1,10293
62522,240,,,1,10293
62599,3100,,,1,10293
63223,0.53,,,1,10293
63485,0.025,,,1,10293
64133,23000,,,1,10293
64333,120,,,1,10293
64398,93,,,1,10293
64439,34,,,1,10293
64491,110,,,1,10293
64571,1300,,,1,10293
64606,17,,,1,10293
64630,54000,,,1,10293
64631,10000,,,1,10293
64958,4800,,,1,10293
65248,54,,,1,10293
65270,4800,,,1,10293
65289,130,,,1,10293
65357,180,,,1,10293
65489,4000,,,1,10293
65586,4.2,,,1,10293
65593,8.2,,,1,10293
65596,1.8,,0,2,10293
65597,0.52,,,1,10293
65606,4300,,,1,10293
65637,59,,,1,10293
65715,3600,,,1,10293
66051,110,,,1,10293
66106,4100,,,1,10293
66283,36,,,1,10293
66300,410,,,1,10293
66461,87,,,1,10293
66462,6.1,,,1,10293
66905,1200,,,1,10293
67038,29000,,,1,10293
67321,170000,,,1,10293
67359,3100,,,1,10293
67525,690,,,1,10293
67538,64,,,1,10293
67672,370,,,1,10293
67759,1.2,,,1,10293
67761,1.8,,,1,10293
67796,0.065,,,1,10293
67955,160,,,1,10293
67970,180,,,1,10293
67974,180,,,1,10293
67997,480,,,1,10293
68022,30,,,1,10293
68057,42,,,1,10293
68065,270,,,1,10293
68070,160,,,1,10293
68094,0.065,,,1,10293
68104,0.52,,,1,10293
68108,1000,,,1,10293
68159,65,,,1,10293
68170,8.2,,,1,10293
68348,73,,,1,10293
68395,34,,,1,10293
68418,230,,,1,10293
68430,1200,,,1,10293
68459,380,,,1,10293
68463,410,,,1,10293
68540,34,,,1,10293
68570,22,,,1,10293
68597,1.8,,,1,10293
68606,15,,,1,10293
68609,22,,,1,10293
68668,230,,,1,10293
68697,0.11,,,1,10293
68699,1500,,,1,10293
68700,740,,,1,10293
68711,180,,,1,10293
68921,140,,,1,10293
68922,520,,,1,10293
68924,270,,,1,10293
68932,3000,,,1,10293
68960,570,,,1,10293
68966,6400,,,1,10293
68967,9600,,,1,10293
68970,18000,,,1,10293
69012,7800,,,1,10293
69019,4.2,,,1,10293
69020,4.2,,,1,10293
69036,120,,,1,10293
69041,19,,,1,10293
69047,51,,,1,10293
69057,800,,,1,10293
69060,7800,,,1,10293
69066,1900,,,1,10293
69405,8.2,,,1,10293
69459,2600,,,1,10293
69464,1400,,,1,10293
69476,810,,,1,10293
69488,3200,,,1,10293
69639,3100,,,1,10293
69717,4800,,,1,10293
69718,800,,,1,10293
69740,900,,,1,10293
69776,410,,,1,10293
69779,85,,,1,10293
69794,3000,,0,2,10293
69796,4700,,,1,10293
69832,4600,,,1,10293
69868,4200,,,1,10293
69928,110,,,1,10293
69964,0.84,,,1,10293
70019,700,,,1,10293
70023,1200,,,1,10293
70032,8100,,,1,10293
70048,5200,,,1,10293
70105,2900,,,1,10293
70138,0.065,,,1,10293
70159,140,,,1,10293
70164,1.9,,,1,10293
70167,52,,,1,10293
70253,35,,,1,10293
70268,0.091,,,1,10293
70309,380,,,1,10293
70361,1100,,,1,10293
70388,1400,,,1,10293
71456,570,,,1,10293
71556,7400,,,1,10293
71681,800,,,1,10293
71835,1100,,,1,10293
72144,1300,,,1,10293
72147,1600,,,1,10293
72244,28,,,1,10293
72255,2100,,,1,10293
72320,34,,,1,10293
72364,440,,,1,10293
72368,500,,,1,10293
72376,5200,,,1,10293
72378,3100,,,1,10293
72429,6.3,,,1,10293
72538,13000,,,1,10293
72542,1500,,,1,10293
72545,13000,,,1,10293
72618,3.7,,,1,10293
72647,2400,,,1,10293
72706,0.99,,,1,10293
72766,1100,,,1,10293
72953,130,,,1,10293
72977,280,,,1,10293
73000,0.52,,,1,10293
73002,1.8,,,1,10293
73003,0.79,,,1,10293
73006,0.79,,,1,10293
73016,85,,,1,10293
73079,6400,,,1,10293
73108,2900,,,1,10293
73110,790,,0.026,2,10293
73111,3100,,,1,10293
73149,2800,,,1,10293
73150,2500,,,1,10293
73220,310,,,1,10293
73221,150,,,1,10293
73253,340,,,1,10293
73267,130,,,1,10293
73269,530,,,1,10293
73294,4.2,,,1,10293
73296,4.2,,,1,10293
73338,890,,,1,10293
73339,22,,,1,10293
73436,520,,,1,10293
73496,1800,,,1,10293
73550,1700,,,1,10293
73557,30000,,,1,10293
73559,7500,,,1,10293
73603,1900,,,1,10293
73746,120,,,1,10293
73817,4200,,,1,10293
73883,0.52,,,1,10293
73884,0.52,,0.371,2,10293
73894,0.52,,,1,10293
73899,0.52,,,1,10293
73900,0.52,,,1,10293
73940,2600,,,1,10293
73954,860,,,1,10293
74068,1200,,,1,10293
74079,1000,,,1,10293
74137,130,,,1,10293
74162,260,,,1,10293
74250,700,,,1,10293
74333,220,,,1,10293
74345,850,,,1,10293
74372,280,,,1,10293
74377,6000,,,1,10293
74391,4700,,,1,10293
74520,520,,,1,10293
74521,680,,,1,10293
74567,380,,,1,10293
74572,910,,,1,10293
74672,130,,,1,10293
74705,430,,,1,10293
74749,250,,,1,10293
74872,220,,,1,10293
74997,350,,,1,10293
75000,530,,,1,10293
75027,1700,,,1,10293
75070,300,,,1,10293
75079,120,,,1,10293
75138,830,,,1,10293
75268,1800,,,1,10293
75283,2000,,,1,10293
75364,180,,,1,10293
75367,1100,,,1,10293
75440,140,,,1,10293
75510,110,,,1,10293
75615,140,,,1,10293
75766,0.091,,,1,10293
75799,2.6,,,1,10293
75804,44,,,1,10293
75966,9200,,,1,10293
75971,270,,,1,10293
75974,460,,,1,10293
75975,490,,,1,10293
75976,180,,,1,10293
75980,1600,,,1,10293
75986,330,,,1,10293
75987,2900,,,1,10293
75989,13000,,,1,10293
76020,2400,,,1,10293
76022,280,,,1,10293
76032,280,,,1,10293
76033,440,,,1,10293
76035,120,,,1,10293
76066,98,,,1,10293
76067,98,,,1,10293
76076,380,,,1,10293
76176,1200,,,1,10293
76202,22,,,1,10293
76338,6300,,,1,10293
76339,2100,,,1,10293
76343,1300,,,1,10293
76359,920,,,1,10293
76533,1300,,,1,10293
76539,2200,,0,2,10293
76591,210,,,1,10293
76602,94,,,1,10293
76629,1.7,,,1,10293
76641,6.3,,,1,10293
76680,0.8,,,1,10293
76689,4.1,,,1,10293
76701,110,,,1,10293
76783,2900,,,1,10293
76784,1000,,,1,10293
76788,270,,,1,10293
76803,1800,,,1,10293
76812,6300,,,1,10293
76817,6300,,,1,10293
76844,99,,,1,10293
76873,0.53,,,1,10293
77057,67,,1.366,2,10293
77064,65,,,1,10293
77073,110,,,1,10293
77174,490,,,1,10293
77177,1300,,,1,10293
77184,1400,,,1,10293
77186,0.42,,,1,10293
77208,1000,,,1,10293
77265,170,,,1,10293
77608,0.11,,,1,10293
78234,1.8,,,1,10293
78317,56000,,,1,10293
78379,810,,,1,10293
78401,28,,,1,10293
78776,8.2,,,1,10293
78785,160,,,1,10293
78797,190,,,1,10293
78816,380,,0,2,10293
78853,97,,,1,10293
78868,270,,,1,10293
78908,1800,,,1,10293
79937,0.44,,,1,10293
80160,12000,,,1,10293
80232,180,,,1,10293
80583,620,,,1,10293
80759,6400,,,1,10293
81087,63,,,1,10293
81124,22,,,1,10293
81236,280,,,1,10293
81312,85,,,1,10293
81407,48,,,1,10293
81666,9.9,,,1,10293
81876,27000,,,1,10293
82534,22000,,,1,10293
82711,3800,,,1,10293
82779,42,,,1,10293
82851,0.79,,,1,10293
82854,300,,,1,10293
82883,700,,,1,10293
82912,4200,,,1,10293
82926,1300,,,1,10293
82945,2100,,,1,10293
83094,54000,,,1,10293
83102,1800,,,1,10293
83103,270,,,1,10293
83111,110,,,1,10293
83119,3500,,,1,10293
83379,5200,,,1,10293
83773,800,,,1,10293
83943,390,,,1,10293
83954,0.52,,,1,10293
84049,380,,,1,10293
84323,0.52,,,1,10293
84388,14,,,1,10293
84389,21,,,1,10293
84545,270,,,1,10293
84660,3100,,,1,10293
84674,180,,,1,10293
85143,79,,,1,10293
85147,9.3,,,1,10293
85350,0.52,,,1,10293
85410,250,,,1,10293
85464,69,,,1,10293
85471,160,,,1,10293
85572,34,,,1,10293
85633,900,,,1,10293
85650,93,,,1,10293
85661,340,,,1,10293
85763,1500,,,1,10293
85821,110,,,1,10293
85893,82,,,1,10293
85956,0.52,,,1,10293
86045,6.8,,,1,10293
86062,4.2,,,1,10293
86210,23,,,1,10293
86307,4.4,,,1,10293
86308,870,,,1,10293
86309,4000,,,1,10293
86511,110,,,1,10293
86537,7.2,,,1,10293
89300,0.014,,,1,10293
89381,0.014,,,1,10293
89480,0.014,,,1,10293
89519,0.065,,,1,10293
90568,2400,,,1,10293
90652,160,,,1,10293
90795,1.8,,,1,10293
91678,360,,,1,10293
91730,21,,,1,10293
92003,740,,,1,10293
92702,4.2,,,1,10293
95178,65,,,1,10293
99560,0.082,,,1,10293
99801,0.014,,,1,10293
102390,0.082,,,1,10293
102694,110,,,1,10293
102698,11,,,1,10293
102715,0.9,,,1,10293
102868,86,,,1,10293
103118,1200,,,1,10293
103164,900,,,1,10293
103180,50,,,1,10293
103184,65,,,1,10293
103231,56,,,1,10293
103235,34,,,1,10293
103395,0.53,,,1,10293
103481,0.065,,,1,10293
104573,3.7,,,1,10293
104819,31,,,1,10293
104975,0.33,,,1,10293
105765,2.9,,,1,10293
106926,4400,,,1,10293
106972,0.065,,,1,10293
107944,16000,,,1,10293
108006,1000,,,1,10293
108137,290,,,1,10293
108226,8.4,,,1,10293
108248,42,,,1,10293
108328,900,,,1,10293
108515,2000,,,1,10293
108629,700,,,1,10293
109317,130,,,1,10293
109580,14,,,1,10293
109736,60,,,1,10293
109810,560,,,1,10293
110364,0.065,,,1,10293
110849,34,,,1,10293
113052,34000,,,1,10293
113053,18000,,,1,10293
113197,800,,,1,10293
113398,19000,,,1,10293
113399,1200,,,1,10293
113409,380,,,1,10293
113413,46000,,,1,10293
113509,820,,,1,10293
113551,380,,,1,10293
113644,2900,,,1,10293
113836,1000,,,1,10293
113898,13000,,,1,10293
113944,1300,,,1,10293
113977,5000,,,1,10293
114152,1000,,,1,10293
114181,52,,,1,10293
114196,53000,,,1,10293
114200,29,,,1,10293
114347,2400,,,1,10293
114585,1700,,,1,10293
114643,1100,,,1,10293
114669,880,,,1,10293
114753,1800,,,1,10293
114834,7600,,,1,10293
114912,2400,,,1,10293
115345,3500,,,1,10293
115564,900,,,1,10293
115595,640,,,1,10293
115859,1800,,,1,10293
116070,650,,,1,10293
116180,9800,,,1,10293
116203,1100,,,1,10293
116205,2400,,,1,10293
116276,4200,,,1,10293
116454,26000,,,1,10293
116459,2600,,,1,10293
116464,34,,,1,10293
116481,200,,,1,10293
116534,74,,,1,10293
116625,8200,,,1,10293
117257,4200,,,1,10293
117308,8.8,,,1,10293
117411,4.2,,,1,10293
118293,5000,,,1,10293
118378,1,,,1,10293
118544,750,,,1,10293
118634,4.8,,,1,10293
118661,92,,0.036,3,10293
119126,4100,,,1,10293
119834,8.8,,,1,10293
119989,2400,,,1,10293
120516,220,,,1,10293
120530,2100,,,1,10293
120790,450,,,1,10293
120805,640,,,1,10293
120835,62,,,1,10293
121125,1700,,,1,10293
121160,0.47,,,1,10293
121252,94,,,1,10293
121264,4100,,,1,10293
121295,3100,,,1,10293
121847,17,,,1,10293
122013,7500,,,1,10293
122015,740,,,1,10293
122098,550,,,1,10293
122117,4100,,,1,10293
122155,1400,,,1,10293
122288,820,,,1,10293
122364,130,,,1,10293
122491,1900,,,1,10293
122660,74,,,1,10293
123063,1.5,,,1,10293
123134,640,,,1,10293
123152,68,,,1,10293
123437,5100,,,1,10293
123935,6200,,,1,10293
124011,3700,,,1,10293
124047,76,,,1,10293
124593,25000,,,1,10293
124695,25000,,,1,10293
124779,1800,,,1,10293
124859,2800,,,1,10293
124893,2200,,,1,10293
124953,760,,,1,10293
125231,8800,,,1,10293
126182,2.8,,,1,10293
126317,0.16,,,1,10293
126403,1.9,,,1,10293
126416,1.4,,,1,10293
126438,44,,,1,10293
126440,44,,,1,10293
126671,140,,,1,10293
126682,0.011,,,1,10293
126773,12,,,1,10293
126792,1.9,,,1,10293
126820,2,,,1,10293
126854,3900,,,1,10293
126894,0.9,,,1,10293
127025,10,,,1,10293
127053,90,,,1,10293
127055,100,,,1,10293
127069,83,,,1,10293
127644,1,,,1,10293
127695,3.1,,,1,10293
128289,0.19,,,1,10293
128301,0.27,,,1,10293
128453,0.35,,,1,10293
129396,3400,,,1,10293
129411,85,,,1,10293
129551,0.13,,,1,10293
129917,0.62,,,1,10293
131035,2.9,,,1,10293
131956,0.091,,,1,10293
133045,66,,,1,10293
133081,4600,,,1,10293
135541,270,,,1,10293
136363,0.44,,,1,10293
137680,63,,,1,10293
139441,130,,,1,10293
139581,19,,,1,10293
140016,2.5,,,1,10293
140759,0.99,,,1,10293
140800,3000,,,1,10293
140910,1.8,,,1,10293
141096,3300,,,1,10293
141108,1600,,,1,10293
141243,2900,,,1,10293
141292,0.0021,,,1,10293
141297,700,,,1,10293
141303,83,,,1,10293
141353,1000,,,1,10293
141398,13,,1.325,2,10293
141458,900,,,1,10293
141681,270,,,1,10293
141683,7700,,,1,10293
141737,14000,,,1,10293
141829,8.2,,,1,10293
141963,14,,,1,10293
141964,0.48,,,1,10293
142174,3000,,,1,10293
142246,800,,,1,10293
142255,900,,,1,10293
142318,730,,,1,10293
142319,310,,,1,10293
142359,1.4,,,1,10293
142454,8.9,,,1,10293
142603,440,,,1,10293
142629,1400,,,1,10293
142805,47,,,1,10293
143257,140,,,1,10293
143534,1000,,,1,10293
143541,700,,,1,10293
143555,700,,,1,10293
143639,9500,,,1,10293
143862,4100,,,1,10293
143876,17000,,,1,10293
143895,2.5,,,1,10293
144240,98,,,1,10293
144476,32,,,1,10293
144657,1300,,,1,10293
144660,830,,,1,10293
144782,160,,,1,10293
144784,130,,,1,10293
144794,2000,,,1,10293
145017,6200,,,1,10293
145196,1800,,,1,10293
145600,180,,,1,10293
145603,520,,,1,10293
145607,22000,,,1,10293
145732,150,,,1,10293
145768,4,,,1,10293
145864,2400,,,1,10293
145974,4200,,,1,10293
146063,230,,,1,10293
146273,180,,,1,10293
146506,8200,,,1,10293
146578,1.7,,,1,10293
146856,34,,,1,10293
147081,380,,,1,10293
147391,310,,0,2,10293
147395,110,,,1,10293
147719,270,,,1,10293
147777,18000,,,1,10293
147840,200,,,1,10293
147888,1000,,,1,10293
148025,620,,,1,10293
148595,1800,,,1,10293
148646,110,,,1,10293
149052,19,,,1,10293
149387,1000,,,1,10293
149391,2600,,,1,10293
149509,7100,,,1,10293
149574,2000,,,1,10293
149980,0.48,,,1,10293
150037,1500,,,1,10293
150052,4100,,,1,10293
150121,430,,,1,10293
150188,21,,,1,10293
150274,6100,,,1,10293
150285,1600,,,1,10293
150506,3200,,,1,10293
150866,680,,,1,10293
150987,4300,,,1,10293
151174,1300,,,1,10293
151335,110,,,1,10293
151363,12,,,1,10293
151628,12,,0.761,2,10293
151892,150,,,1,10293
151951,21,,,1,10293
152012,100,,,1,10293
152098,4.2,,,1,10293
152185,1.6,,,1,10293
152197,40,,,1,10293
152253,340,,,1,10293
152259,6.6,,,1,10293
152261,210,,,1,10293
152407,32,,,1,10293
152471,3700,,,1,10293
152560,59,,,1,10293
152575,1200,,,1,10293
152972,62,,,1,10293
153166,260,,0.996,2,10293
153167,120,,,1,10293
153168,86,,,1,10293
153249,1.2,,,1,10293
153420,5000,,,1,10293
153429,14,,,1,10293
153506,1.5,,,1,10293
153695,650,,,1,10293
153708,900,,,1,10293
153920,0.26,,,1,10293
153921,0.27,,,1,10293
156545,6.8,,0,2,10293
157838,0.015,,,1,10293
158760,1300,,,1,10293
166215,50,,,1,10293
169067,1.2,,,1,10293
169429,2600,,,1,10293
169507,48,,,1,10293
169611,1800,,,1,10293
176320,340,,,1,10293
177491,8.2,,,1,10293
179639,2800,,,1,10293
180569,0.59,,,1,10293
181716,65,,,1,10293
183065,940,,,1,10293
186960,2600,,,1,10293
186964,3400,,,1,10293
186975,9200,,,1,10293
187302,2300,,,1,10293
188804,760,,,1,10293
189581,2700,,,1,10293
191970,90,,,1,10293
196410,3100,,,1,10293
196452,380,,,1,10293
196852,2,,,1,10293
200395,2600,,,1,10293
200467,450,,,1,10293
200468,230,,,1,10293
202632,150,,,1,10293
211820,11,,,1,10293
211833,2400,,,1,10293
219671,2100,,,1,10293
219675,360,,,1,10293
219681,4400,,,1,10293
219686,35,,0.02,2,10293
220095,20,,,1,10293
220098,5300,,,1,10293
222036,130,,,1,10293
223348,130,,,1,10293
230221,0.52,,,1,10293
230225,0.52,,,1,10293
230226,0.64,,,1,10293
230268,0.52,,,1,10293
230332,0.52,,,1,10293
289930,7.2,,,1,10293
289988,4300,,,1,10293
290034,200,,,1,10293
290048,10,,,1,10293
290089,1400,,,1,10293
290100,1000,,,1,10293
290145,2000,,,1,10293
290203,860,,,1,10293
290323,34,,,1,10293
290432,470,,,1,10293
290442,21,,,1,10293
290521,380,,,1,10293
290574,0.49,,,1,10293
290578,310,,,1,10293
290668,470,,,1,10293
290734,45,,,1,10293
290738,200,,,1,10293
290846,2100,,,1,10293
290884,0.11,,,1,10293
290887,54,,0,2,10293
291160,53,,,1,10293
292123,980,,,1,10293
292133,4200,,,1,10293
292308,5900,,,1,10293
292327,65,,,1,10293
292506,4600,,,1,10293
292527,8.2,,,1,10293
292674,240,,,1,10293
292985,3000,,,1,10293
293277,880,,,1,10293
293290,1900,,,1,10293
293448,680,,,1,10293
293450,900,,,1,10293
293472,0.065,,,1,10293
293578,28,,,1,10293
293736,70,,,1,10293
293747,230,,,1,10293
293784,38,,,1,10293
294389,500,,,1,10293
296748,100,,,1,10293
297116,1.5,,,1,10293
299587,0.13,,,1,10293
309270,270,,,1,10293
309307,0.014,,,1,10293
310313,8300,,,1,10293
310328,4.2,,,1,10293
310359,470,,,1,10293
310366,4600,,,1,10293
310376,350,,,1,10293
310722,290,,,1,10293
310723,13,,,1,10293
310964,510,,,1,10293
311037,21,,,1,10293
311258,2.1,,,1,10293
311399,120,,,1,10293
311400,370,,,1,10293
312036,24,,,1,10293
312082,1.2,,,1,10293
312465,870,,,1,10293
312467,71,,,1,10293
312473,220,,,1,10293
314260,87,,,1,10293
314655,8.1,,,1,10293
314671,80,,,1,10293
332851,400,,,1,10293
333034,44,,,1,10293
333675,13,,,1,10293
337919,0.77,,,1,10293
339473,150,,,1,10293
351589,61,,,1,10293
351766,190,,,1,10293
354448,2600,,,1,10293
361438,1200,,,1,10293
361600,900,,,1,10293
362011,900,,,1,10293
362216,270,,,1,10293
362475,4200,,,1,10293
362815,0.76,,,1,10293
368252,4.2,,,1,10293
368253,45,,,1,10293
368254,1700,,,1,10293
369375,1800,,,1,10293
369517,350,,,1,10293
371090,1100,,,1,10293
374870,0.76,,,1,10293
375154,0.88,,,1,10293
380228,1.9,,,1,10293
380233,5,,,1,10293
380234,6.4,,,1,10293
380235,14,,,1,10293
380237,15,,,1,10293
380238,23,,,1,10293
380240,37,,,1,10293
380242,42,,,1,10293
380249,130,,,1,10293
380250,150,,,1,10293
380251,160,,,1,10293
380252,170,,,1,10293
380253,200,,,1,10293
380254,220,,,1,10293
380255,250,,,1,10293
380257,280,,,1,10293
380259,420,,,1,10293
380262,890,,,1,10293
380265,1000,,,1,10293
380266,1700,,,1,10293
380268,1800,,,1,10293
380270,3100,,,1,10293
380272,3100,,,1,10293
380273,3200,,,1,10293
380276,4300,,,1,10293
383746,2100,,,1,10293
386510,3500,,,1,10293
386522,1600,,,1,10293
386526,2800,,,1,10293
386692,1100,,,1,10293
387873,270,,,1,10293
388085,33,,,1,10293
391540,110,,,1,10293
398342,69,,,1,10293
398640,0.15,,,1,10293
409383,3200,,,1,10293
409452,0.001,,,1,10293
409576,340,,,1,10293
410053,14,,,1,10293
410355,0.52,,,1,10293
410485,0.0019,,,1,10293
418569,240,,,1,10293
420935,12,,,1,10293
424204,89,,,1,10293
424429,0.42,,,1,10293
426195,4600,,,1,10293
428310,240,,,1,10293
428876,1700,,,1,10293
428881,280,,,1,10293
428943,93,,,1,10293
428958,110,,,1,10293
429096,160,,,1,10293
429248,120,,,1,10293
429442,110,,,1,10293
429663,610,,,1,10293
436114,110,,,1,10293
436300,1.4,,,1,10293
436310,10,,,1,10293
436389,86,,,1,10293
438231,18,,,1,10293
438237,0.12,,,1,10293
438250,0.37,,,1,10293
438255,560,,0,2,10293
438340,0.19,,,1,10293
438364,3.6,,,1,10293
438373,55,,0,2,10293
438386,0.44,,,1,10293
438426,3.6,,,1,10293
438453,2.9,,,1,10293
438502,7.8,,,1,10293
438578,1.5,,,1,10293
438719,470,,,1,10293
438727,14,,,1,10293
438793,1.2,,,1,10293
438803,0.9,,,1,10293
438838,57,,,1,10293
439052,380,,,1,10293
439059,11,,,1,10293
439096,1.3,,,1,10293
439124,4900,,,1,10293
439142,6.9,,,1,10293
439148,0.48,,,1,10293
439153,3.9,,,1,10293
439257,0.53,,,1,10293
439295,480,,,1,10293
439296,2600,,,1,10293
439307,32,,,1,10293
439314,130,,,1,10293
439315,58,,0,2,10293
439362,0.45,,,1,10293
439410,610,,,1,10293
439420,4.2,,,1,10293
439428,3.1,,,1,10293
439629,0.21,,,1,10293
439636,0.1,,,1,10293
439643,0.084,,,1,10293
439886,2.6,,,1,10293
440142,0.42,,,1,10293
440144,0.52,,,1,10293
440149,0.7,,,1,10293
440150,0.68,,,1,10293
440151,0.46,,1.21,2,10293
440162,140,,,1,10293
440180,0.27,,,1,10293
440258,110,,,1,10293
440268,0.032,,,1,10293
440340,900,,,1,10293
440355,0.024,,,1,10293
440410,14,,,1,10293
440494,0.26,,,1,10293
440626,0.93,,,1,10293
440636,10,,,1,10293
440683,27,,,1,10293
440686,0.024,,,1,10293
440728,5400,,,1,10293
440760,36,,,1,10293
440827,36,,,1,10293
440865,11,,,1,10293
441030,92,,,1,10293
441039,0.11,,,1,10293
441093,3400,,,1,10293
441119,0.99,,,1,10293
441237,0.66,,,1,10293
441280,0.065,,,1,10293
441329,200,,,1,10293
441330,62,,,1,10293
441375,15,,,1,10293
441386,30,,,1,10293
441551,1.3,,,1,10293
441590,0.12,,,1,10293
441633,220,,,1,10293
441816,190,,,1,10293
441920,7.8,,,1,10293
441930,4200,,,1,10293
441931,5200,,,1,10293
441954,0.78,,,1,10293
441992,8200,,,1,10293
442046,500,,,1,10293
442079,18,,,1,10293
442153,3,,,1,10293
442175,45,,,1,10293
442228,7.4,,,1,10293
442304,520,,,1,10293
442370,3.9,,,1,10293
442371,8.2,,,1,10293
442374,150,,,1,10293
442539,1100,,,1,10293
442551,0.86,,,1,10293
442566,13,,,1,10293
442568,7.8,,,1,10293
442575,31,,,1,10293
442590,21,,,1,10293
442831,22,,,1,10293
442844,14,,,1,10293
442851,1.6,,,1,10293
442867,610,,,1,10293
442868,1.8,,,1,10293
442979,9.2,,,1,10293
443122,0.23,,,1,10293
443126,0.082,,,1,10293
443127,0.53,,,1,10293
443175,11,,,1,10293
443184,510,,,1,10293
443564,220,,,1,10293
443595,7.7,,,1,10293
443642,0.52,,,1,10293
443686,22,,,1,10293
443769,10,,,1,10293
443802,0.21,,,1,10293
443975,0.065,,,1,10293
444350,1300,,,1,10293
444756,53,,,1,10293
444873,170,,,1,10293
445024,520,,,1,10293
445040,4200,,,1,10293
445043,220,,0.808,3,10293
445044,3100,,,1,10293
445045,10000,,,1,10293
445095,24,,,1,10293
445098,1900,,,1,10293
445123,65,,,1,10293
445146,0.8,,,1,10293
445220,97,,,1,10293
445224,100,,,1,10293
445227,330,,,1,10293
445576,9800,,,1,10293
445718,120,,,1,10293
445719,150,,,1,10293
445733,580,,,1,10293
445746,5.2,,,1,10293
445885,22,,,1,10293
445916,2.2,,,1,10293
445935,440,,,1,10293
446000,5.6,,,1,10293
446252,180,,,1,10293
446315,39,,,1,10293
446423,11,,,1,10293
446743,110,,,1,10293
446830,0.52,,,1,10293
446835,0.27,,,1,10293
446926,0.065,,1.316,2,10293
447086,0.014,,,1,10293
447627,34,,,1,10293
447760,1.8,,,1,10293
448869,110,,,1,10293
448915,180,,,1,10293
448934,13000,,,1,10293
448937,100,,,1,10293
449626,140,,,1,10293
449708,47,,,1,10293
449731,3500,,,1,10293
449771,51,,,1,10293
449772,480,,,1,10293
449860,170,,,1,10293
449920,190,,,1,10293
450177,980,,,1,10293
450303,2.9,,,1,10293
450777,0.19,,,1,10293
451398,460,,,1,10293
451765,17000,,,1,10293
451800,210,,,1,10293
451942,10000,,,1,10293
452249,190,,,1,10293
452250,140,,,1,10293
452334,700,,,1,10293
452643,1500,,,1,10293
452778,39,,,1,10293
453204,22,,,1,10293
454445,1200,,,1,10293
458315,170,,,1,10293
458351,260,,,1,10293
459886,34,,,1,10293
460120,0.68,,,1,10293
460430,34,,,1,10293
460530,3.3,,,1,10293
461676,0.38,,,1,10293
465836,51,,,1,10293
465838,730,,,1,10293
465839,3100,,,1,10293
471358,230,,,1,10293
