Lvl1,Category,Lvl2,Trait1,Lvl3,Trait2,Units,type,comment,count
1,Morphology,1.1,Woodiness,1.1.1,Woodiness_1,"woody, non-woody, variable",categorical,,249169
1,Morphology,1.10,Shoot length,1.10.1,Shoot_length_min,cm,numeric,prostrate and erect,123
1,Morphology,1.10,Shoot length,1.10.2,Shoot_length_max,cm,numeric,prostrate and erect,2227
1,Morphology,1.2,Growth form,1.2.1,Growth_form_1,"herb, shrub, tree, other",categorical,Combinations possible (e.g. herb/shrub).,222598
1,Morphology,1.2,Growth form,1.2.2,Growth_form_2,"herb, graminoid, forb, subshrub, shrub, tree, palm, other",categorical,Combinations possible (e.g. herb/subshrub).,178879
1,Morphology,1.3,Epiphyte,1.3.1,Epiphyte_1,"obligatory, facultative, terrestrial",categorical,,203585
1,Morphology,1.3,Epiphyte,1.3.2,Epiphyte_2,"holoepiphyte, hemiepiphyte, prim_hemiepiphyte, sec_hemiepiphyte, facultative, terrestrial",categorical,,76021
1,Morphology,1.4,Climber,1.4.1,Climber_1,"obligatory, facultative, self-supporting",categorical,,222257
1,Morphology,1.4,Climber,1.4.2,Climber_2,"liana, vine, self-supporting",categorical,"lianas are woody, vines are non-woody",96574
1,Morphology,1.5,Parasite,1.5.1,Parasite_1,"obligatory, facultative, independent",categorical,,204251
1,Morphology,1.6,Plant height,1.6.1,Plant_height_min,m,numeric,,43353
1,Morphology,1.6,Plant height,1.6.2,Plant_height_max,m,numeric,,70367
1,Morphology,1.6,Plant height,1.6.3,Plant_height_mean,m,numeric,,23219
1,Morphology,1.7,Aquatic,1.7.1,Aquatic_1,"aquatic, semiaquatic, terrestrial",categorical,,154480
1,Morphology,1.8,DBH,1.8.1,DBH_min,cm,numeric,,1
1,Morphology,1.8,DBH,1.8.2,DBH_max,cm,numeric,,1892
1,Morphology,1.9,Shoot orientation,1.9.1,Shoot_orientation,"prostrate, scandent, rambling, erect, pendant, ascending",categorical,Combinations possible (e.g. decumbent = prostrate/ascending); prostrate incl. creeping and procumbent,3732
2,Life history,2.1,Lifecycle,2.1.1,Lifecycle_1,"annual, biennial, perennial, variable",categorical,Combinations possible,190286
2,Life history,2.2,Lifespan,2.2.1,Lifespan_1,years,numeric,,60
2,Life history,2.3,Life form,2.3.1,Life_form_1,"phanerophyte, chamaephyte, hemicryptophyte, cryptophyte, therophyte",categorical,"Combinations possible (e.g. hemicryptophyte/therophyte). Note that cryptophytes encompass geophytes, hydrophytes and helophytes. ",100390
2,Life history,2.3,Life form,2.3.2,Life_form_2,"nanophanerophyte, phanerophyte, chamaephyte, hemicryptophyte, geophyte, hydrophyte, helophyte, therophyte, lithophyte",categorical,Combinations possible (e.g. hemicryptophyte/therophyte); Lithophytes include Chasmophytes here,111531
2,Life history,2.4,Deciduousness,2.4.1,Deciduousness_1,"deciduous, evergreen, variable",categorical,,9985
3,Reproduction,3.1,Self fertilization,3.1.1,Self_fertilization_1,"present, absent",categorical,,3650
3,Reproduction,3.10,Seed length,3.10.1,Seed_length_min,mm,numeric,,2569
3,Reproduction,3.10,Seed length,3.10.2,Seed_length_max,mm,numeric,,2764
3,Reproduction,3.10,Seed length,3.10.3,Seed_length_mean,mm,numeric,,1838
3,Reproduction,3.11,Seed width,3.11.1,Seed_width_min,mm,numeric,,760
3,Reproduction,3.11,Seed width,3.11.2,Seed_width_max,mm,numeric,,981
3,Reproduction,3.11,Seed width,3.11.3,Seed_width_mean,mm,numeric,,571
3,Reproduction,3.12,Seed height,3.12.1,Seed_height_min,mm,numeric,,7
3,Reproduction,3.12,Seed height,3.12.2,Seed_height_max,mm,numeric,,148
3,Reproduction,3.13,Fruit length,3.13.1,Fruit_length_min,cm,numeric,,10239
3,Reproduction,3.13,Fruit length,3.13.2,Fruit_length_max,cm,numeric,,10499
3,Reproduction,3.13,Fruit length,3.13.3,Fruit_length_mean,cm,numeric,,11332
3,Reproduction,3.14,Fruit width,3.14.1,Fruit_width_min,cm,numeric,,6036
3,Reproduction,3.14,Fruit width,3.14.2,Fruit_width_max,cm,numeric,,6198
3,Reproduction,3.14,Fruit width,3.14.3,Fruit_width_mean,cm,numeric,,7229
3,Reproduction,3.15,Fruit height,3.15.1,Fruit_height_min,cm,numeric,,54
3,Reproduction,3.15,Fruit height,3.15.2,Fruit_height_max,cm,numeric,,54
3,Reproduction,3.15,Fruit height,3.15.3,Fruit_height_mean,cm,numeric,,54
3,Reproduction,3.16,Fruit type,3.16.1,Fruit_type_1,"achene, baccate, berry, capsule, drupe, follicle, lomentum, nut, pod, pome, schizocarp, siliqua, utricle, anthocarp, cone, other",categorical,,6567
3,Reproduction,3.17,Dehiscence,3.17.1,Dehiscence_1,"dehiscent, indehiscent",categorical,,6027
3,Reproduction,3.18,Fruit dryness,3.18.1,Fruit_dryness_1,"dry, fleshy",categorical,,2578
3,Reproduction,3.19,Seed volume,3.19.1,Seed_volume_min,mm³,numeric,,2737
3,Reproduction,3.19,Seed volume,3.19.2,Seed_volume_max,mm³,numeric,,2737
3,Reproduction,3.19,Seed volume,3.19.3,Seed_volume_mean,mm³,numeric,,2737
3,Reproduction,3.2,Seed mass,3.2.1,Seed_mass_min,g,numeric,,22814
3,Reproduction,3.2,Seed mass,3.2.2,Seed_mass_max,g,numeric,,22814
3,Reproduction,3.2,Seed mass,3.2.3,Seed_mass_mean,g,numeric,,24034
3,Reproduction,3.20,Monocarpy,3.20.1,Monocarpy,"monocarp, polycarp",categorical,"monocarp = hapaxanth, semelparous",88
3,Reproduction,3.21,Flower colour ,3.21.1,Flower_colour,"red, pink, blue, yellow, orange, green, white, violet, black, grey, brown, other",categorical,combinations possible,1810
3,Reproduction,3.22,Fruit colour,3.22.1,Fruit_colour,"red, pink, blue, yellow, orange, green, white, violet, black, grey, brown, other",categorical,combinations possible,2087
3,Reproduction,3.23,Inflorescence,3.23.1,Inflorescence,"raceme, corymb, umbel, panicle, corymbose_panicle, spike, catkin, pseudoraceme, cyme, fascicle",categorical,,574
3,Reproduction,3.24,Inflorescence length,3.24.1,Inflorescence_length_min,m,numeric,,2541
3,Reproduction,3.24,Inflorescence length,3.24.2,Inflorescence_length_max,m,numeric,,2591
3,Reproduction,3.25,Flower length,3.25.1,Flower_length_min,cm,numeric,,1776
3,Reproduction,3.25,Flower length,3.25.2,Flower_length_max,cm,numeric,,1918
3,Reproduction,3.26,Flower width,3.26.1,Flower_width_min,cm,numeric,,330
3,Reproduction,3.26,Flower width,3.26.2,Flower_width_max,cm,numeric,,453
3,Reproduction,3.3,Dispersal syndrome,3.3.1,Dispersal_syndrome_1,"anemochorous, zoochorous, autochorous, hydrochorous, unspecialized",categorical,,9602
3,Reproduction,3.3,Dispersal syndrome,3.3.2,Dispersal_syndrome_2,"anemochorous, anthropochorous, autochorous, endozoochorous, epizoochorous, hydrochorous, myrmecochorous, unspecialized, zoochorous",categorical,,6518
3,Reproduction,3.4,Reproduction sexual,3.4.1,Reproduction_sexual_1,"dioecious, monoecious, bisexual",categorical,"see list of synonyms: http://en.wikipedia.org/wiki/Plant_reproductive_morphology#Terminology; monoecious in narrow sense; bisexual = hermaphrodite (flowers)
",2977
3,Reproduction,3.5,Reproduction asexual,3.5.1,Reproduction_asexual_1,"present, absent",categorical,,3027
3,Reproduction,3.5,Reproduction asexual,3.5.2,Reproduction_asexual_2,"above-ground, below-ground",categorical,"above-ground relates to apomixis/agamospermy, below-ground relates to stolons, rhizomes, tubers, etc.",10
3,Reproduction,3.6,Pollination syndrome,3.6.1,Pollination_syndrome_1,"biotic, abiotic",categorical,,5971
3,Reproduction,3.6,Pollination syndrome,3.6.2,Pollination_syndrome_2,"wind, water, insect, bird, bat, other",categorical,Combinations possible,5938
3,Reproduction,3.6,Pollination syndrome,3.6.3,Pollination_syndrome_3,"wind, water, bee, beetle, ant, butterfly, moth, fly, insect, bird, bat, other",categorical,"Combinations possible, add new categories if necessary [but set connections]",4035
3,Reproduction,3.7,Flowering time,3.7.1,Flowering_start,"Jan, Feb, Mar, Apr, May, Jun, Jul, Aug, Sep, Oct, Nov, Dec, variable",categorical,,19582
3,Reproduction,3.7,Flowering time,3.7.2,Flowering_end,"Jan, Feb, Mar, Apr, May, Jun, Jul, Aug, Sep, Oct, Nov, Dec, variable",categorical,,19351
3,Reproduction,3.8,Fruiting time,3.8.1,Fruiting_start,"Jan, Feb, Mar, Apr, May, Jun, Jul, Aug, Sep, Oct, Nov, Dec, variable",categorical,,514
3,Reproduction,3.8,Fruiting time,3.8.2,Fruiting_end,"Jan, Feb, Mar, Apr, May, Jun, Jul, Aug, Sep, Oct, Nov, Dec, variable",categorical,,512
3,Reproduction,3.9,Seeds_per_fruit,3.9.1,Seeds_per_fruit,"0, 1-10, 11-100, 101-1000, >1000",categorical,,947
4,Physiology,4.1,Specific Leaf Area (SLA),4.1.1,SLA_min,cm²/g,numeric,,513
4,Physiology,4.1,Specific Leaf Area (SLA),4.1.2,SLA_max,cm²/g,numeric,,513
4,Physiology,4.1,Specific Leaf Area (SLA),4.1.3,SLA_mean,cm²/g,numeric,,2562
4,Physiology,4.10,Carnivory,4.10.1,Carnivory,"carnivorous, non-carnivorous",categorical,,1772
4,Physiology,4.11,Leaf form,4.11.1,Leaf_form_1,,text,no defined categories (free text),2304
4,Physiology,4.12,Leaf margin,4.12.1,Leaf_margin_1,,text,no defined categories (free text),722
4,Physiology,4.13,Leaf spines,4.13.1,Leaf_spines_1,"yes, no",categorical,,2979
4,Physiology,4.14,Leaf thorns,4.14.1,Leaf_thorns_1,"yes, no",categorical,,725
4,Physiology,4.15,Leaf arrangement,4.15.1,Leaf_arrangement,"alternate, opposite, whorled, rosette",categorical,combinations possible,496
4,Physiology,4.16,Succulence,4.16.1,Succulence_1,"yes, no",categorical,,1484
4,Physiology,4.2,Photosynthetic pathway,4.2.1,Photosynthetic_pathway,"C3, C4, CAM",categorical,,31315
4,Physiology,4.3,Stem specific density (SSD),4.3.1,SSD_min,mg/cm³,numeric,,356
4,Physiology,4.3,Stem specific density (SSD),4.3.2,SSD_max,mg/cm³,numeric,,356
4,Physiology,4.3,Stem specific density (SSD),4.3.3,SSD_mean,mg/cm³,numeric,,1072
4,Physiology,4.4,Leaf size,4.4.3,Leaf_size_mean,cm²,numeric,,1707
4,Physiology,4.5,Nitrogen fixer,4.5.1,Nitrogen_fix_1,"yes, no",categorical,,11193
4,Physiology,4.6,Leaf length,4.6.1,Leaf_length_min,cm,numeric,,15738
4,Physiology,4.6,Leaf length,4.6.2,Leaf_length_max,cm,numeric,,19574
4,Physiology,4.6,Leaf length,4.6.3,Leaf_length_mean,cm,numeric,,9873
4,Physiology,4.7,Leaf width,4.7.1,Leaf_width_min,cm,numeric,,15852
4,Physiology,4.7,Leaf width,4.7.2,Leaf_width_max,cm,numeric,,16471
4,Physiology,4.7,Leaf width,4.7.3,Leaf_width_mean,cm,numeric,,6709
4,Physiology,4.8,Leaf thickness,4.8.1,Leaf_thickness_min,mm,numeric,,37
4,Physiology,4.8,Leaf thickness,4.8.2,Leaf_thickness_max,mm,numeric,,46
4,Physiology,4.8,Leaf thickness,4.8.3,Leaf_thickness_mean,mm,numeric,,134
4,Physiology,4.9,Leaf dry matter content (LDMC),4.9.1,LDMC_min,mg/g,numeric,,480
4,Physiology,4.9,Leaf dry matter content (LDMC),4.9.2,LDMC_max,mg/g,numeric,,480
4,Physiology,4.9,Leaf dry matter content (LDMC),4.9.3,LDMC_mean,mg/g,numeric,,480
5,Genetics,5.1,Chromosome number,5.1.1,Chromosome_number,,text,number or comma-separated list of numbers,797
5,Genetics,5.2,Ploidy,5.2.1,Ploidy_level,,text,"number or comma-separated list of numbers, or n for polyploidy (n>2)",655
6,Ecology,6.1,Elevational range,6.1.1,Elevational_range_min,m AMSL,numeric,,68458
6,Ecology,6.1,Elevational range,6.1.2,Elevational_range_max,m AMSL,numeric,,70340
6,Ecology,6.1,Elevational range,6.1.3,Elevational_range_mean,m AMSL,numeric,,18492
6,Ecology,6.2,Bedrock,6.2.1,Bedrock_1,,text,no defined categories (free text),288
6,Ecology,6.3,Habitat,6.3.1,Habitat_1,,text,no defined categories (free text),54180
6,Ecology,6.4,Mycorrhiza,6.4.1,Mycorrhiza_1,"yes, no",categorical,,201
6,Ecology,6.5,Defense,6.5.1,Defense,"yes, no",categorical,,2593
